Workbook

Sheet Tổng quan
A1: Tổng quan tiến độ - Trở thành Business Analyst ứng dụng AI trong công việc (4 tuần, 20 bài)
A3: Tuần | B3: Số mục | C3: Đã xong | D3: % hoàn thành
A4: Tuần 1: Nền tảng Business Analyst thời AI | B4: =COUNTIF('Theo dõi tiến độ'!E6:E85,"Chưa")+COUNTIF('Theo dõi tiến độ'!E6:E85,"Xong") | C4: =COUNTIF('Theo dõi tiến độ'!E6:E85,"Xong") | D4: =IF(B4=0,0,C4/B4)
A5: Tuần 2: Dùng AI cho thu thập và phân tích yêu cầu | B5: =COUNTIF('Theo dõi tiến độ'!E87:E163,"Chưa")+COUNTIF('Theo dõi tiến độ'!E87:E163,"Xong") | C5: =COUNTIF('Theo dõi tiến độ'!E87:E163,"Xong") | D5: =IF(B5=0,0,C5/B5)
A6: Tuần 3: AI cho phân tích dữ liệu và trực quan hóa | B6: =COUNTIF('Theo dõi tiến độ'!E165:E249,"Chưa")+COUNTIF('Theo dõi tiến độ'!E165:E249,"Xong") | C6: =COUNTIF('Theo dõi tiến độ'!E165:E249,"Xong") | D6: =IF(B6=0,0,C6/B6)
A7: Tuần 4: Tự động hóa, đạo đức và dự án thực tế | B7: =COUNTIF('Theo dõi tiến độ'!E251:E329,"Chưa")+COUNTIF('Theo dõi tiến độ'!E251:E329,"Xong") | C7: =COUNTIF('Theo dõi tiến độ'!E251:E329,"Xong") | D7: =IF(B7=0,0,C7/B7)
A8: TỔNG | B8: =SUM(B4:B7) | C8: =SUM(C4:C7) | D8: =C8/B8

Sheet Theo dõi tiến độ
A1: Trở thành Business Analyst ứng dụng AI trong công việc (LearningVN) - Theo dõi tiến độ chi tiết
A2: Mỗi bài gồm: Bài đọc (các đề mục bên dưới) và Quiz. Chọn Chưa/Xong ở cột Trạng thái của từng mục; dòng tuần và dòng bài tự tính % hoàn thành.
A4: Tuần | B4: Bài | C4: Phần / Đề mục | D4: Tên đề mục | E4: Trạng thái | F4: Ngày học | G4: % hoàn thành | H4: Ghi chú
A5: Tuần 1: Nền tảng Business Analyst thời AI | G5: =COUNTIF(E7:E85,"Xong")/COUNTA(E7:E85)
A6: Tuần 1 | B6: 1 | C6: BÀI HỌC | D6: Business Analyst là ai và làm gì trong kỷ nguyên AI | E6: =IF(G6=1,"Hoàn thành",IF(G6>0,"Đang học","Chưa học")) | G6: =COUNTIF(E7:E21,"Xong")/COUNTA(E7:E21)
A7: Tuần 1 | B7: 1 | C7: Bài đọc | D7: Giới thiệu | E7: Chưa
A8: Tuần 1 | B8: 1 | C8: Bài đọc | D8: Bạn sẽ học được gì? | E8: Chưa
A9: Tuần 1 | B9: 1 | C9: Bài đọc | D9: 1. Business Analyst - "người phiên dịch" của dự án | E9: Chưa
A10: Tuần 1 | B10: 1 | C10: Bài đọc | D10: 2. Một ngày của Business Analyst làm những gì? | E10: Chưa
A11: Tuần 1 | B11: 1 | C11: Bài đọc | D11: 3. Kỹ năng cốt lõi của một Business Analyst | E11: Chưa
A12: Tuần 1 | B12: 1 | C12: Bài đọc | D12: 4. Phân biệt BA với các vai trò dễ nhầm | E12: Chưa
A13: Tuần 1 | B13: 1 | C13: Bài đọc | D13: 5. Kỷ nguyên AI thay đổi nghề BA như thế nào? | E13: Chưa
A14: Tuần 1 | B14: 1 | C14: Bài đọc | D14: Nhìn sâu hơn | E14: Chưa
A15: Tuần 1 | B15: 1 | C15: Bài đọc | D15: Thực hành | E15: Chưa
A16: Tuần 1 | B16: 1 | C16: Bài đọc | D16: Hiểu lầm thường gặp | E16: Chưa
A17: Tuần 1 | B17: 1 | C17: Bài đọc | D17: Thực hành tốt nhất / Mẹo ghi nhớ | E17: Chưa
A18: Tuần 1 | B18: 1 | C18: Bài đọc | D18: Tóm tắt trực quan | E18: Chưa
... A21: Tuần 1 | B21: 1 | C21: Quiz | D21: Làm bài kiểm tra cuối bài | E21: Chưa
A22: Tuần 1 | B22: 2 | C22: BÀI HỌC | D22: Quy trình nghiệp vụ và vòng đời dự án (SDLC, Agile) cho BA | E22: =IF(G22=1,"Hoàn thành",IF(G22>0,"Đang học","Chưa học")) | G22: =COUNTIF(E23:E37,"Xong")/COUNTA(E23:E37)
A23: Tuần 1 | B23: 2 | C23: Bài đọc | D23: Giới thiệu | E23: Chưa
A24: Tuần 1 | B24: 2 | C24: Bài đọc | D24: Bạn sẽ học được gì? | E24: Chưa
A25: Tuần 1 | B25: 2 | C25: Bài đọc | D25: 1. SDLC - vòng đời của một dự án phần mềm | E25: Chưa
A26: Tuần 1 | B26: 2 | C26: Bài đọc | D26: 2. Waterfall - làm tuần tự như thác nước | E26: Chưa
A27: Tuần 1 | B27: 2 | C27: Bài đọc | D27: 3. Agile - làm linh hoạt, giao từng phần nhỏ | E27: Chưa
A28: Tuần 1 | B28: 2 | C28: Bài đọc | D28: 4. Scrum - khung làm việc Agile phổ biến nhất | E28: Chưa
A29: Tuần 1 | B29: 2 | C29: Bài đọc | D29: 5. BA làm gì trong một nhóm Agile/Scrum? | E29: Chưa
A30: Tuần 1 | B30: 2 | C30: Bài đọc | D30: Nhìn sâu hơn | E30: Chưa
A31: Tuần 1 | B31: 2 | C31: Bài đọc | D31: Thực hành | E31: Chưa
A32: Tuần 1 | B32: 2 | C32: Bài đọc | D32: Hiểu lầm thường gặp | E32: Chưa
A33: Tuần 1 | B33: 2 | C33: Bài đọc | D33: Thực hành tốt nhất / Mẹo ghi nhớ | E33: Chưa
A34: Tuần 1 | B34: 2 | C34: Bài đọc | D34: Tóm tắt trực quan | E34: Chưa
... A37: Tuần 1 | B37: 2 | C37: Quiz | D37: Làm bài kiểm tra cuối bài | E37: Chưa
A38: Tuần 1 | B38: 3 | C38: BÀI HỌC | D38: Bộ công cụ và tư duy phân tích của Business Analyst | E38: =IF(G38=1,"Hoàn thành",IF(G38>0,"Đang học","Chưa học")) | G38: =COUNTIF(E39:E53,"Xong")/COUNTA(E39:E53)
A39: Tuần 1 | B39: 3 | C39: Bài đọc | D39: Giới thiệu | E39: Chưa
A40: Tuần 1 | B40: 3 | C40: Bài đọc | D40: Bạn sẽ học được gì? | E40: Chưa
A41: Tuần 1 | B41: 3 | C41: Bài đọc | D41: 1. Tư duy phân tích - "cơ bắp" của BA | E41: Chưa
A42: Tuần 1 | B42: 3 | C42: Bài đọc | D42: 2. Các khung phân tích kinh điển | E42: Chưa
A43: Tuần 1 | B43: 3 | C43: Bài đọc | D43: 3. Sơ đồ quy trình (Flowchart) - kể chuyện bằng hình | E43: Chưa
A44: Tuần 1 | B44: 3 | C44: Bài đọc | D44: 4. Công cụ phần mềm BA thường dùng | E44: Chưa
A45: Tuần 1 | B45: 3 | C45: Bài đọc | D45: 5. AI đang "tăng lực" cho các công cụ này | E45: Chưa
A46: Tuần 1 | B46: 3 | C46: Bài đọc | D46: Nhìn sâu hơn | E46: Chưa
A47: Tuần 1 | B47: 3 | C47: Bài đọc | D47: Thực hành | E47: Chưa
A48: Tuần 1 | B48: 3 | C48: Bài đọc | D48: Hiểu lầm thường gặp | E48: Chưa
A49: Tuần 1 | B49: 3 | C49: Bài đọc | D49: Thực hành tốt nhất / Mẹo ghi nhớ | E49: Chưa
A50: Tuần 1 | B50: 3 | C50: Bài đọc | D50: Tóm tắt trực quan | E50: Chưa
... A53: Tuần 1 | B53: 3 | C53: Quiz | D53: Làm bài kiểm tra cuối bài | E53: Chưa
A54: Tuần 1 | B54: 4 | C54: BÀI HỌC | D54: Giới thiệu AI tạo sinh (ChatGPT, Claude, Gemini) cho công việc BA | E54: =IF(G54=1,"Hoàn thành",IF(G54>0,"Đang học","Chưa học")) | G54: =COUNTIF(E55:E69,"Xong")/COUNTA(E55:E69)
A55: Tuần 1 | B55: 4 | C55: Bài đọc | D55: Giới thiệu | E55: Chưa
A56: Tuần 1 | B56: 4 | C56: Bài đọc | D56: Bạn sẽ học được gì? | E56: Chưa
A57: Tuần 1 | B57: 4 | C57: Bài đọc | D57: 1. AI tạo sinh là gì? Hiểu đơn giản | E57: Chưa
A58: Tuần 1 | B58: 4 | C58: Bài đọc | D58: 2. ChatGPT, Claude, Gemini - so sánh ba "ông lớn" | E58: Chưa
A59: Tuần 1 | B59: 4 | C59: Bài đọc | D59: 3. AI làm được gì cho công việc BA? | E59: Chưa
A60: Tuần 1 | B60: 4 | C60: Bài đọc | D60: 4. Giới hạn của AI - đừng tin mù quáng | E60: Chưa
A61: Tuần 1 | B61: 4 | C61: Bài đọc | D61: 5. Quy tắc an toàn tối thiểu khi dùng AI cho công việc | E61: Chưa
A62: Tuần 1 | B62: 4 | C62: Bài đọc | D62: Nhìn sâu hơn | E62: Chưa
A63: Tuần 1 | B63: 4 | C63: Bài đọc | D63: Thực hành | E63: Chưa
A64: Tuần 1 | B64: 4 | C64: Bài đọc | D64: Hiểu lầm thường gặp | E64: Chưa
A65: Tuần 1 | B65: 4 | C65: Bài đọc | D65: Thực hành tốt nhất / Mẹo ghi nhớ | E65: Chưa
A66: Tuần 1 | B66: 4 | C66: Bài đọc | D66: Tóm tắt trực quan | E66: Chưa
... A69: Tuần 1 | B69: 4 | C69: Quiz | D69: Làm bài kiểm tra cuối bài | E69: Chưa
A70: Tuần 1 | B70: 5 | C70: BÀI HỌC | D70: Viết prompt hiệu quả cho công việc BA (Prompt Engineering căn bản) | E70: =IF(G70=1,"Hoàn thành",IF(G70>0,"Đang học","Chưa học")) | G70: =COUNTIF(E71:E85,"Xong")/COUNTA(E71:E85)
A71: Tuần 1 | B71: 5 | C71: Bài đọc | D71: Giới thiệu | E71: Chưa
A72: Tuần 1 | B72: 5 | C72: Bài đọc | D72: Bạn sẽ học được gì? | E72: Chưa
A73: Tuần 1 | B73: 5 | C73: Bài đọc | D73: 1. Prompt tốt vs prompt vụng - khác biệt thấy ngay | E73: Chưa
A74: Tuần 1 | B74: 5 | C74: Bài đọc | D74: 2. Khung R-T-C-F-E - công thức prompt hiệu quả | E74: Chưa
A75: Tuần 1 | B75: 5 | C75: Bài đọc | D75: 3. Các kỹ thuật prompt căn bản | E75: Chưa
A76: Tuần 1 | B76: 5 | C76: Bài đọc | D76: 4. Bộ prompt thực chiến cho BA | E76: Chưa
A77: Tuần 1 | B77: 5 | C77: Bài đọc | D77: 5. Tinh chỉnh prompt - nghệ thuật lặp lại | E77: Chưa
A78: Tuần 1 | B78: 5 | C78: Bài đọc | D78: Nhìn sâu hơn | E78: Chưa
A79: Tuần 1 | B79: 5 | C79: Bài đọc | D79: Thực hành | E79: Chưa
A80: Tuần 1 | B80: 5 | C80: Bài đọc | D80: Hiểu lầm thường gặp | E80: Chưa
A81: Tuần 1 | B81: 5 | C81: Bài đọc | D81: Thực hành tốt nhất / Mẹo ghi nhớ | E81: Chưa
A82: Tuần 1 | B82: 5 | C82: Bài đọc | D82: Tóm tắt trực quan | E82: Chưa
... A85: Tuần 1 | B85: 5 | C85: Quiz | D85: Làm bài kiểm tra cuối bài | E85: Chưa
A86: Tuần 2: Dùng AI cho thu thập và phân tích yêu cầu | G86: =COUNTIF(E88:E163,"Xong")/COUNTA(E88:E163)
A87: Tuần 2 | B87: 1 | C87: BÀI HỌC | D87: Thu thập yêu cầu (Elicitation) với sự hỗ trợ của AI | E87: =IF(G87=1,"Hoàn thành",IF(G87>0,"Đang học","Chưa học")) | G87: =COUNTIF(E88:E101,"Xong")/COUNTA(E88:E101)
A88: Tuần 2 | B88: 1 | C88: Bài đọc | D88: Giới thiệu | E88: Chưa
A89: Tuần 2 | B89: 1 | C89: Bài đọc | D89: Bạn sẽ học được gì? | E89: Chưa
A90: Tuần 2 | B90: 1 | C90: Bài đọc | D90: 1. Elicitation là gì? Năm kỹ thuật kinh điển | E90: Chưa
A91: Tuần 2 | B91: 1 | C91: Bài đọc | D91: 2. Dùng AI chuẩn bị bộ câu hỏi phỏng vấn | E91: Chưa
A92: Tuần 2 | B92: 1 | C92: Bài đọc | D92: 3. Dùng AI tổng hợp ghi chú lộn xộn thành yêu cầu | E92: Chưa
A93: Tuần 2 | B93: 1 | C93: Bài đọc | D93: 4. Dùng AI phát hiện lỗ hổng và mâu thuẫn | E93: Chưa
A94: Tuần 2 | B94: 1 | C94: Bài đọc | D94: Nhìn sâu hơn | E94: Chưa
A95: Tuần 2 | B95: 1 | C95: Bài đọc | D95: Thực hành | E95: Chưa
A96: Tuần 2 | B96: 1 | C96: Bài đọc | D96: Hiểu lầm thường gặp | E96: Chưa
A97: Tuần 2 | B97: 1 | C97: Bài đọc | D97: Thực hành tốt nhất / Mẹo ghi nhớ | E97: Chưa
A98: Tuần 2 | B98: 1 | C98: Bài đọc | D98: Tóm tắt trực quan | E98: Chưa
A99: Tuần 2 | B99: 1 | C99: Bài đọc | D99: Tài liệu tham khảo | E99: Chưa
... A101: Tuần 2 | B101: 1 | C101: Quiz | D101: Làm bài kiểm tra cuối bài | E101: Chưa
A102: Tuần 2 | B102: 2 | C102: BÀI HỌC | D102: Viết User Story và Acceptance Criteria bằng AI | E102: =IF(G102=1,"Hoàn thành",IF(G102>0,"Đang học","Chưa học")) | G102: =COUNTIF(E103:E116,"Xong")/COUNTA(E103:E116)
A103: Tuần 2 | B103: 2 | C103: Bài đọc | D103: Giới thiệu | E103: Chưa
A104: Tuần 2 | B104: 2 | C104: Bài đọc | D104: Bạn sẽ học được gì? | E104: Chưa
A105: Tuần 2 | B105: 2 | C105: Bài đọc | D105: 1. User Story là gì? Cấu trúc ba phần | E105: Chưa
A106: Tuần 2 | B106: 2 | C106: Bài đọc | D106: 2. INVEST - sáu tiêu chí của User Story tốt | E106: Chưa
A107: Tuần 2 | B107: 2 | C107: Bài đọc | D107: 3. Acceptance Criteria dạng Given-When-Then | E107: Chưa
A108: Tuần 2 | B108: 2 | C108: Bài đọc | D108: 4. Dùng AI sinh User Story và Acceptance Criteria | E108: Chưa
A109: Tuần 2 | B109: 2 | C109: Bài đọc | D109: Nhìn sâu hơn | E109: Chưa
A110: Tuần 2 | B110: 2 | C110: Bài đọc | D110: Thực hành | E110: Chưa
A111: Tuần 2 | B111: 2 | C111: Bài đọc | D111: Hiểu lầm thường gặp | E111: Chưa
A112: Tuần 2 | B112: 2 | C112: Bài đọc | D112: Thực hành tốt nhất / Mẹo ghi nhớ | E112: Chưa
...
